<?xml version="1.0" encoding="UTF-8"?>
<project-private xmlns="http://www.netbeans.org/ns/project-private/1">
    <editor-bookmarks xmlns="http://www.netbeans.org/ns/editor-bookmarks/2" lastBookmarkId="0"/>
    <open-files xmlns="http://www.netbeans.org/ns/projectui-open-files/2">
        <group>
            <file>file:/C:/Users/rclavel/Documents/NetBeansProjects/AppPreguntas/src/java/rolax/prueba/HibernateUtil.java</file>
            <file>file:/C:/Users/rclavel/Documents/NetBeansProjects/AppPreguntas/web/formularioNuevo.jsp</file>
            <file>file:/C:/Users/rclavel/Documents/NetBeansProjects/AppPreguntas/src/java/rolax/prueba/dao/CuestionarioDAO.java</file>
        </group>
    </open-files>
</project-private>
