<?xml version="1.0" encoding="UTF-8"?>
<!DOCTYPE hibernate-configuration PUBLIC "-//Hibernate/Hibernate Configuration DTD 3.0//EN" "http://hibernate.sourceforge.net/hibernate-configuration-3.0.dtd">
<hibernate-configuration>
  <session-factory>
    <property name="hibernate.dialect">org.hibernate.dialect.MySQLDialect</property>
    <property name="hibernate.connection.driver_class">com.mysql.jdbc.Driver</property>
    <property name="hibernate.connection.url">jdbc:mysql://172.25.41.100:3306/analisisdatos?zeroDateTimeBehavior=convertToNull</property>
    <property name="hibernate.connection.username">rolax</property>
    <property name="hibernate.show_sql">true</property>
    <property name="hibernate.current_session_context_class">thread</property>
    <property name="hibernate.query.factory_class">org.hibernate.hql.ast.ASTQueryTranslatorFactory</property>
    <property name="hibernate.connection.password">rolax</property>
    <mapping resource="rolax/prueba/map/RespuestasCuestionarios.hbm.xml"/>
    <mapping resource="rolax/prueba/map/Usuario.hbm.xml"/>
  </session-factory>
</hibernate-configuration>
